State,County Name,Population
AK,Aleutians East Borough,3401
AK,Aleutians West Census Area,5680
AK,Anchorage Municipality,287095
AK,Bethel Census Area,18437
AK,Bristol Bay Borough,788
AK,Chugach Census Area,6427
AK,Copper River Census Area,2919
AK,Denali Borough,2081
AK,Dillingham Census Area,4833
AK,Fairbanks North Star Borough,95651
AK,Haines Borough,2614
AK,Hoonah-Angoon Census Area,2141
AK,Juneau City and Borough,31849
AK,Kenai Peninsula Borough,59414
AK,Ketchikan Gateway Borough,13747
AK,Kodiak Island Borough,12992
AK,Kusilvak Census Area,8328
AK,Lake and Peninsula Borough,1493
AK,Matanuska-Susitna Borough,110213
AK,Nome Census Area,9909
AK,North Slope Borough,9294
AK,Northwest Arctic Borough,7644
AK,Petersburg Borough,3296
AK,Prince of Wales-Hyder Census Area,6147
AK,Sitka City and Borough,8405
AK,Skagway Municipality,1179
AK,Southeast Fairbanks Census Area,6957
AK,Wrangell City and Borough,2510
AK,Yakutat City and Borough,637
AK,Yukon-Koyukuk Census Area,5077
AL,Autauga County,56145
AL,Baldwin County,229287
AL,Barbour County,24589
AL,Bibb County,22136
AL,Blount County,57879
AL,Bullock County,9976
AL,Butler County,19504
AL,Calhoun County,113469
AL,Chambers County,32865
AL,Cherokee County,26294
AL,Chilton County,44397
AL,Choctaw County,12418
AL,Clarke County,23291
AL,Clay County,13112
AL,Cleburne County,14967
AL,Coffee County,53230
AL,Colbert County,55411
AL,Conecuh County,11851
AL,Coosa County,10650
AL,Covington County,36930
AL,Crenshaw County,13681
AL,Cullman County,84515
AL,Dale County,48959
AL,Dallas County,36098
AL,DeKalb County,71658
AL,Elmore County,82158
AL,Escambia County,36281
AL,Etowah County,102371
AL,Fayette County,16241
AL,Franklin County,31507
AL,Geneva County,26411
AL,Greene County,7990
AL,Hale County,14670
AL,Henry County,17223
AL,Houston County,106580
AL,Jackson County,51582
AL,Jefferson County,655342
AL,Lamar County,13764
AL,Lauderdale County,93368
AL,Lawrence County,32857
AL,Lee County,166831
AL,Limestone County,102228
AL,Lowndes County,9641
AL,Macon County,17895
AL,Madison County,379453
AL,Marengo County,18733
AL,Marion County,29703
AL,Marshall County,96990
AL,Mobile County,412716
AL,Monroe County,20459
AL,Montgomery County,224639
AL,Morgan County,119883
AL,Perry County,8687
AL,Pickens County,19793
AL,Pike County,32966
AL,Randolph County,22920
AL,Russell County,58237
AL,Shelby County,221428
AL,St. Clair County,90739
AL,Sumter County,12225
AL,Talladega County,79985
AL,Tallapoosa County,40133
AL,Tuscaloosa County,210758
AL,WA County,15976
AL,Walker County,63143
AL,Wilcox County,10206
AL,Winston County,23508
AR,Arizona County,17383
AR,Ashley County,19339
AR,Baxter County,42242
AR,Benton County,288774
AR,Boone County,37625
AR,Bradley County,10639
AR,Calhoun County,5113
AR,Carroll County,28276
AR,Chicot County,9924
AR,Clark County,22103
AR,Clay County,14375
AR,Cleburne County,24935
AR,Cleveland County,7957
AR,Columbia County,23331
AR,Conway County,21037
AR,Craighead County,112245
AR,Crawford County,63409
AR,Crittenden County,47616
AR,Cross County,16142
AR,Dallas County,6802
AR,Desha County,11110
AR,Drew County,17977
AR,Faulkner County,126919
AR,Franklin County,17897
AR,Fulton County,12381
AR,Garland County,99789
AR,Grant County,18449
AR,Greene County,45597
AR,Hempstead County,21253
AR,Hot Spring County,33787
AR,Howard County,13109
AR,Independence County,37757
AR,Izard County,13613
AR,Jackson County,16636
AR,Jefferson County,65377
AR,Johnson County,26513
AR,Lafayette County,6596
AR,Lawrence County,16410
AR,Lee County,8513
AR,Lincoln County,12944
AR,Little River County,12180
AR,Logan County,21410
AR,Lonoke County,73921
AR,Madison County,16644
AR,Marion County,16790
AR,Miller County,43177
AR,Mississippi County,40066
AR,Monroe County,6584
AR,Montgomery County,9006
AR,Nevada County,8099
AR,Newton County,7602
AR,Ouachita County,23167
AR,Perry County,10327
AR,Phillips County,17299
AR,Pike County,10643
AR,Poinsett County,23283
AR,Polk County,19707
AR,Pope County,64334
AR,Prairie County,7966
AR,Pulaski County,392980
AR,Randolph County,18247
AR,Saline County,123968
AR,Scott County,10164
AR,Searcy County,7842
AR,Sebastian County,127590
AR,Sevier County,16702
AR,Sharp County,17424
AR,St. Francis County,24682
AR,Stone County,12674
AR,Union County,38219
AR,Van Buren County,16541
AR,WA County,243216
AR,White County,78729
AR,Woodruff County,6264
AR,Yell County,21181
AZ,Apache County,71875
AZ,Cochise County,127450
AZ,Coconino County,142481
AZ,Gila County,54303
AZ,Graham County,39211
AZ,Greenlee County,9341
AZ,La Paz County,21480
AZ,Maricopa County,4579081
AZ,Mohave County,217206
AZ,Navajo County,112112
AZ,Pima County,1061175
AZ,Pinal County,480828
AZ,Santa Cruz County,46808
AZ,Yavapai County,240226
AZ,Yuma County,217824
CA,Alameda County,1662323
CA,Alpine County,1119
CA,Amador County,40083
CA,Butte County,212744
CA,Calaveras County,46308
CA,Colusa County,21558
CA,Contra Costa County,1152333
CA,Del Norte County,27968
CA,El Dorado County,192925
CA,Fresno County,1000918
CA,Glenn County,28283
CA,Humboldt County,134977
CA,Imperial County,180267
CA,Inyo County,18046
CA,Kern County,901362
CA,Kings County,152692
CA,Lake County,64479
CA,Lassen County,30016
CA,Los Angeles County,9943046
CA,Madera County,157761
CA,Marin County,257332
CA,Mariposa County,17160
CA,Mendocino County,86061
CA,Merced County,279252
CA,Modoc County,8763
CA,Mono County,14534
CA,Monterey County,430906
CA,Napa County,135965
CA,Nevada County,99606
CA,Orange County,3166857
CA,Placer County,402950
CA,Plumas County,18967
CA,Riverside County,2489188
CA,Sacramento County,1559146
CA,San Benito County,64055
CA,San Bernardino County,2189183
CA,San Diego County,3332427
CA,San Francisco County,866606
CA,San Joaquin County,767967
CA,San Luis Obispo County,282249
CA,San Mateo County,758308
CA,Santa Barbara County,444766
CA,Santa Clara County,1907105
CA,Santa Cruz County,269925
CA,Shasta County,179027
CA,Sierra County,2920
CA,Siskiyou County,43245
CA,Solano County,446935
CA,Sonoma County,489819
CA,Stanislaus County,550081
CA,Sutter County,96385
CA,Tehama County,64494
CA,Trinity County,12216
CA,Tulare County,468680
CA,Tuolumne County,54515
CA,Ventura County,841387
CA,Yolo County,219728
CA,Yuba County,80160
CO,Adams County,519883
CO,Alamosa County,16180
CO,Arapahoe County,657452
CO,Archuleta County,14196
CO,Baca County,3555
CO,Bent County,5356
CO,Boulder County,327171
CO,Broomfield County,72236
CO,Chaffee County,20661
CO,Cheyenne County,1795
CO,Clear Creek County,9586
CO,Conejos County,8143
CO,Costilla County,3921
CO,Crowley County,5696
CO,Custer County,5183
CO,Delta County,31067
CO,Denver County,735538
CO,Dolores County,2096
CO,Douglas County,360750
CO,Eagle County,54929
CO,El Paso County,728310
CO,Elbert County,27313
CO,Fremont County,47867
CO,Garfield County,60366
CO,Gilpin County,6235
CO,Grand County,15794
CO,Gunnison County,17593
CO,Hinsdale County,808
CO,Huerfano County,6883
CO,Jackson County,1389
CO,Jefferson County,583283
CO,Kiowa County,1458
CO,Kit Carson County,7121
CO,La Plata County,56564
CO,Lake County,7987
CO,Larimer County,360428
CO,Las Animas County,14420
CO,Lincoln County,5680
CO,Logan County,21974
CO,Mesa County,155603
CO,Mineral County,773
CO,Moffat County,13144
CO,Montezuma County,26408
CO,Montrose County,43322
CO,Morgan County,28941
CO,Otero County,18201
CO,Ouray County,5001
CO,Park County,18955
CO,Phillips County,4367
CO,Pitkin County,17894
CO,Prowers County,12106
CO,Pueblo County,169823
CO,Rio Blanco County,6342
CO,Rio Grande County,11296
CO,Routt County,25560
CO,Saguache County,6938
CO,San Juan County,748
CO,San Miguel County,8105
CO,Sedgwick County,2260
CO,Summit County,30631
CO,Teller County,25529
CO,WA County,4875
CO,Weld County,333983
CO,Yuma County,10047
CT,Fairfield County,942426
CT,Hartford County,889226
CT,Litchfield County,179610
CT,Middlesex County,161657
CT,New Haven County,851948
CT,New London County,264999
CT,Tolland County,150600
CT,Windham County,116540
DC,District of Columbia,712816
DE,Kent County,183643
DE,New Castle County,561531
DE,Sussex County,241635
FL,Alachua County,271218
FL,Baker County,29566
FL,Bay County,171322
FL,Bradford County,28593
FL,Brevard County,608459
FL,Broward County,1958105
FL,Calhoun County,14078
FL,Charlotte County,194711
FL,Citrus County,153010
FL,Clay County,221770
FL,Collier County,392973
FL,Columbia County,72654
FL,DeSoto County,38520
FL,Dixie County,17057
FL,Duval County,966728
FL,Escambia County,322364
FL,Flagler County,118451
FL,Franklin County,12201
FL,Gadsden County,45277
FL,Gilchrist County,18885
FL,Glades County,14198
FL,Gulf County,13534
FL,Hamilton County,14521
FL,Hardee County,26822
FL,Hendry County,42813
FL,Hernando County,198792
FL,Highlands County,106639
FL,Hillsborough County,1497957
FL,Holmes County,19594
FL,Indian River County,162518
FL,Jackson County,46085
FL,Jefferson County,14543
FL,Lafayette County,8482
FL,Lake County,375492
FL,Lee County,790767
FL,Leon County,295460
FL,Levy County,42214
FL,Liberty County,8364
FL,Madison County,18707
FL,Manatee County,411219
FL,Marion County,373513
FL,Martin County,162088
FL,Miami-Dade County,2707303
FL,Monroe County,73900
FL,Nassau County,91113
FL,Okaloosa County,212820
FL,Okeechobee County,42297
FL,Orange County,1404396
FL,Osceola County,385315
FL,Palm Beach County,1507600
FL,Pasco County,570412
FL,Pinellas County,976802
FL,Polk County,744552
FL,Putnam County,74815
FL,Santa Rosa County,189139
FL,Sarasota County,443465
FL,Seminole County,474171
FL,St. Johns County,278715
FL,St. Lucie County,337186
FL,Sumter County,139018
FL,Suwannee County,44851
FL,Taylor County,21600
FL,Union County,15182
FL,Volusia County,561497
FL,WA County,25932
FL,Wakulla County,34319
FL,Walton County,76648
GA,Appling County,18325
GA,Atkinson County,8393
GA,Bacon County,11036
GA,Baker County,2971
GA,Baldwin County,45099
GA,Banks County,19352
GA,Barrow County,85588
GA,Bartow County,109426
GA,Ben Hill County,16614
GA,Berrien County,19408
GA,Bibb County,152737
GA,Bleckley County,12955
GA,Brantley County,19202
GA,Brooks County,15357
GA,Bryan County,40755
GA,Bulloch County,80839
GA,Burke County,22648
GA,Butts County,25426
GA,Calhoun County,6231
GA,Camden County,55388
GA,Candler County,10985
GA,Carroll County,121633
GA,Catoosa County,67996
GA,Charlton County,13430
GA,Chatham County,289463
GA,Chattahoochee County,10551
GA,Chattooga County,24843
GA,Cherokee County,265274
GA,Clarke County,127795
GA,Clay County,2866
GA,Clayton County,292646
GA,Clinch County,6582
GA,Cobb County,762944
GA,Coffee County,43218
GA,Colquitt County,45542
GA,Columbia County,160377
GA,Cook County,17291
GA,Coweta County,150849
GA,Crawford County,12231
GA,Crisp County,22034
GA,Dade County,16057
GA,Dawson County,27113
GA,Decatur County,26457
GA,DeKalb County,762009
GA,Dodge County,20452
GA,Dooly County,13174
GA,Dougherty County,86477
GA,Douglas County,147988
GA,Early County,10037
GA,Echols County,4002
GA,Effingham County,65765
GA,Elbert County,19335
GA,Emanuel County,22507
GA,Evans County,10638
GA,Fannin County,26521
GA,Fayette County,115821
GA,Floyd County,98604
GA,Forsyth County,250847
GA,Franklin County,23504
GA,Fulton County,1077402
GA,Gilmer County,31978
GA,Glascock County,2984
GA,Glynn County,85568
GA,Gordon County,58780
GA,Grady County,24491
GA,Greene County,18837
GA,Gwinnett County,942627
GA,Habersham County,46047
GA,Hall County,206591
GA,Hancock County,8494
GA,Haralson County,30383
GA,Harris County,36080
GA,Hart County,26406
GA,Heard County,11973
GA,Henry County,239139
GA,Houston County,160110
GA,Irwin County,9387
GA,Jackson County,76199
GA,Jasper County,14483
GA,Jeff Davis County,15213
GA,Jefferson County,15267
GA,Jenkins County,8746
GA,Johnson County,9667
GA,Jones County,28787
GA,Lamar County,19261
GA,Lanier County,10737
GA,Laurens County,47512
GA,Lee County,30234
GA,Liberty County,63004
GA,Lincoln County,8031
GA,Long County,20171
GA,Lowndes County,118268
GA,Lumpkin County,34186
GA,Macon County,12712
GA,Madison County,30457
GA,Marion County,8516
GA,McDuffie County,21162
GA,McIntosh County,14387
GA,Meriwether County,21164
GA,Miller County,5622
GA,Mitchell County,21602
GA,Monroe County,28042
GA,Montgomery County,9012
GA,Morgan County,19636
GA,Murray County,40032
GA,Muscogee County,196442
GA,Newton County,113295
GA,Oconee County,41124
GA,Oglethorpe County,15383
GA,Paulding County,173359
GA,Peach County,27950
GA,Pickens County,33127
GA,Pierce County,19522
GA,Pike County,19121
GA,Polk County,42840
GA,Pulaski County,11191
GA,Putnam County,22520
GA,Quitman County,2271
GA,Rabun County,17273
GA,Randolph County,6682
GA,Richmond County,202079
GA,Rockdale County,90939
GA,Schley County,5196
GA,Screven County,14012
GA,Seminole County,8060
GA,Spalding County,67414
GA,Stephens County,26107
GA,Stewart County,6689
GA,Sumter County,29282
GA,Talbot County,6143
GA,Taliaferro County,1562
GA,Tattnall County,25365
GA,Taylor County,8074
GA,Telfair County,15781
GA,Terrell County,8523
GA,Thomas County,44372
GA,Tift County,40719
GA,Toombs County,26973
GA,Towns County,12247
GA,Treutlen County,6822
GA,Troup County,70214
GA,Turner County,7882
GA,Twiggs County,8103
GA,Union County,25358
GA,Upson County,26527
GA,WA County,20150
GA,Walker County,70116
GA,Walton County,96875
GA,Ware County,35826
GA,Warren County,5232
GA,Wayne County,30023
GA,Webster County,2595
GA,Wheeler County,7751
GA,White County,31094
GA,Whitfield County,103837
GA,Wilcox County,8502
GA,Wilkes County,9694
GA,Wilkinson County,8812
GA,Worth County,19972
HI,Hawaii County,203340
HI,Honolulu County,963826
HI,Kalawao County,87
HI,Kauai County,71851
HI,Maui County,167902
IA,Adair County,7059
IA,Adams County,3588
IA,Allamakee County,13642
IA,Appanoose County,12430
IA,Audubon County,5481
IA,Benton County,25414
IA,Black Hawk County,130786
IA,Boone County,26277
IA,Bremer County,25311
IA,Buchanan County,21287
IA,Buena Vista County,19772
IA,Butler County,14333
IA,Calhoun County,9473
IA,Carroll County,19914
IA,Cass County,12817
IA,Cedar County,18485
IA,Cerro Gordo County,42103
IA,Cherokee County,11190
IA,Chickasaw County,11834
IA,Clarke County,9353
IA,Clay County,15976
IA,Clayton County,17321
IA,Clinton County,46392
IA,Crawford County,16834
IA,Dallas County,96963
IA,Davis County,9051
IA,Decatur County,7769
IA,Delaware County,16937
IA,Des Moines County,38708
IA,Dickinson County,17549
IA,Dubuque County,97590
IA,Emmet County,9095
IA,Fayette County,19258
IA,Floyd County,15480
IA,Franklin County,9971
IA,Fremont County,6729
IA,Greene County,8795
IA,Grundy County,12217
IA,Guthrie County,10737
IA,Hamilton County,14716
IA,Hancock County,10507
IA,Hardin County,16575
IA,Harrison County,13928
IA,Henry County,19697
IA,Howard County,9176
IA,Humboldt County,9473
IA,Ida County,6833
IA,Iowa County,16138
IA,Jackson County,19205
IA,Jasper County,37148
IA,Jefferson County,18347
IA,Johnson County,153740
IA,Jones County,20617
IA,Keokuk County,10085
IA,Kossuth County,14680
IA,Lee County,33480
IA,Linn County,227854
IA,Louisa County,11011
IA,Lucas County,8518
IA,Lyon County,11756
IA,Madison County,16521
IA,Mahaska County,22370
IA,Marion County,33168
IA,Marshall County,39495
IA,Mills County,14766
IA,Mitchell County,10647
IA,Monona County,8598
IA,Monroe County,7770
IA,Montgomery County,9935
IA,Muscatine County,42394
IA,O'Brien County,13679
IA,Osceola County,5987
IA,Page County,15073
IA,Palo Alto County,8845
IA,Plymouth County,25219
IA,Pocahontas County,6607
IA,Polk County,494281
IA,Pottawattamie County,93328
IA,Poweshiek County,18381
IA,Ringgold County,4801
IA,Sac County,9603
IA,Scott County,173216
IA,Shelby County,11430
IA,Sioux County,35043
IA,Story County,98237
IA,Tama County,16801
IA,Taylor County,6092
IA,Union County,12157
IA,Van Buren County,7069
IA,WA County,21992
IA,Wapello County,34985
IA,Warren County,52265
IA,Wayne County,6415
IA,Webster County,35934
IA,Winnebago County,10277
IA,Winneshiek County,19862
IA,Woodbury County,103138
IA,Worth County,7359
IA,Wright County,12416
ID,Ada County,494399
ID,Adams County,4447
ID,Bannock County,88795
ID,Bear Lake County,6143
ID,Benewah County,9430
ID,Bingham County,47202
ID,Blaine County,23426
ID,Boise County,8065
ID,Bonner County,46817
ID,Bonneville County,122134
ID,Boundary County,12656
ID,Butte County,2646
ID,Camas County,1130
ID,Canyon County,237053
ID,Caribou County,7123
ID,Cassia County,24277
ID,Clark County,852
ID,Clearwater County,8846
ID,Custer County,4249
ID,Elmore County,27448
ID,Franklin County,14215
ID,Fremont County,13218
ID,Gem County,18703
ID,Gooding County,15618
ID,Idaho County,16823
ID,Jefferson County,30581
ID,Jerome County,24578
ID,Kootenai County,170628
ID,Latah County,40830
ID,Lemhi County,8054
ID,Lewis County,3838
ID,Lincoln County,5358
ID,Madison County,40318
ID,Minidoka County,21216
ID,Nez Perce County,40755
ID,Oneida County,4520
ID,Owyhee County,12133
ID,Payette County,24771
ID,Power County,7643
ID,Shoshone County,12911
ID,Teton County,12501
ID,Twin Falls County,88411
ID,Valley County,11792
ID,Washington County,10360
IL,Adams County,64783
IL,Alexander County,5497
IL,Bond County,16262
IL,Boone County,52777
IL,Brown County,6546
IL,Bureau County,32303
IL,Calhoun County,4616
IL,Carroll County,14241
IL,Cass County,11925
IL,Champaign County,209192
IL,Christian County,32075
IL,Clark County,15268
IL,Clay County,13079
IL,Clinton County,37398
IL,Coles County,50383
IL,Cook County,5108284
IL,Crawford County,18512
IL,Cumberland County,10649
IL,De Witt County,15368
IL,DeKalb County,104491
IL,Douglas County,19510
IL,DuPage County,917481
IL,Edgar County,16858
IL,Edwards County,6356
IL,Effingham County,34065
IL,Fayette County,21264
IL,Ford County,12949
IL,Franklin County,38060
IL,Fulton County,33690
IL,Gallatin County,4793
IL,Greene County,12702
IL,Grundy County,50993
IL,Hamilton County,8084
IL,Hancock County,17422
IL,Hardin County,3808
IL,Henderson County,6535
IL,Henry County,48411
IL,Iroquois County,26711
IL,Jackson County,56675
IL,Jasper County,9465
IL,Jefferson County,37235
IL,Jersey County,21616
IL,Jo Daviess County,21239
IL,Johnson County,12358
IL,Kane County,531010
IL,Kankakee County,108594
IL,Kendall County,130638
IL,Knox County,49053
IL,Lake County,693593
IL,LaSalle County,107571
IL,Lawrence County,15467
IL,Lee County,33647
IL,Livingston County,35414
IL,Logan County,28383
IL,Macon County,103015
IL,Macoupin County,44567
IL,Madison County,262635
IL,Marion County,37045
IL,Marshall County,11309
IL,Mason County,13173
IL,Massac County,13636
IL,McDonough County,29295
IL,McHenry County,305888
IL,McLean County,171256
IL,Menard County,12068
IL,Mercer County,15225
IL,Monroe County,34739
IL,Montgomery County,28045
IL,Morgan County,33400
IL,Moultrie County,14347
IL,Ogle County,50306
IL,Peoria County,177652
IL,Perry County,20664
IL,Piatt County,16355
IL,Pike County,15239
IL,Pope County,4142
IL,Pulaski County,5201
IL,Putnam County,5716
IL,Randolph County,31351
IL,Richland County,15507
IL,Rock Island County,140907
IL,Saline County,23182
IL,Sangamon County,193882
IL,Schuyler County,6738
IL,Scott County,4950
IL,Shelby County,21299
IL,St. Clair County,258046
IL,Stark County,5262
IL,Stephenson County,43831
IL,Tazewell County,130777
IL,Union County,16498
IL,Vermilion County,74855
IL,Wabash County,11190
IL,Warren County,16696
IL,Washington County,13764
IL,Wayne County,16031
IL,White County,13364
IL,Whiteside County,54656
IL,Will County,688726
IL,Williamson County,66415
IL,Winnebago County,281295
IL,Woodford County,38091
IN,Adams County,35839
IN,Allen County,382187
IN,Bartholomew County,84447
IN,Benton County,8741
IN,Blackford County,11782
IN,Boone County,69347
IN,Brown County,15112
IN,Carroll County,20228
IN,Cass County,37388
IN,Clark County,119266
IN,Clay County,26246
IN,Clinton County,32206
IN,Crawford County,10629
IN,Daviess County,33505
IN,Dearborn County,49824
IN,Decatur County,26584
IN,DeKalb County,43670
IN,Delaware County,113454
IN,Dubois County,42542
IN,Elkhart County,206161
IN,Fayette County,22892
IN,Floyd County,78936
IN,Fountain County,16511
IN,Franklin County,22761
IN,Fulton County,20018
IN,Gibson County,33825
IN,Grant County,65225
IN,Greene County,32203
IN,Hamilton County,344238
IN,Hancock County,79553
IN,Harrison County,40682
IN,Hendricks County,173251
IN,Henry County,48033
IN,Howard County,82732
IN,Huntington County,36395
IN,Jackson County,44222
IN,Jasper County,33440
IN,Jay County,20416
IN,Jefferson County,32110
IN,Jennings County,27515
IN,Johnson County,160607
IN,Knox County,36522
IN,Kosciusko County,78988
IN,LaGrange County,40119
IN,Lake County,487536
IN,LaPorte County,109663
IN,Lawrence County,45496
IN,Madison County,129681
IN,Marion County,966183
IN,Marshall County,46108
IN,Martin County,10079
IN,Miami County,35328
IN,Monroe County,148219
IN,Montgomery County,38365
IN,Morgan County,70707
IN,Newton County,13907
IN,Noble County,47832
IN,Ohio County,5892
IN,Orange County,19651
IN,Owen County,20833
IN,Parke County,16871
IN,Perry County,19154
IN,Pike County,12378
IN,Porter County,170980
IN,Posey County,25275
IN,Pulaski County,12388
IN,Putnam County,37469
IN,Randolph County,24191
IN,Ripley County,28448
IN,Rush County,16649
IN,Scott County,23788
IN,Shelby County,44871
IN,Spencer County,20225
IN,St. Joseph County,271484
IN,Starke County,23049
IN,Steuben County,34831
IN,Sullivan County,20578
IN,Switzerland County,10724
IN,Tippecanoe County,196115
IN,Tipton County,15227
IN,Union County,7119
IN,Vanderburgh County,182447
IN,Vermillion County,15329
IN,Vigo County,106608
IN,WA County,28213
IN,Wabash County,30784
IN,Warren County,8194
IN,Warrick County,63269
IN,Wayne County,65778
IN,Wells County,28142
IN,White County,24165
IN,Whitley County,34378
KS,Allen County,12399
KS,Anderson County,7949
KS,Atchison County,16015
KS,Barber County,4358
KS,Barton County,25658
KS,Bourbon County,14435
KS,Brown County,9482
KS,Butler County,66992
KS,Chase County,2586
KS,Chautauqua County,3230
KS,Cherokee County,19681
KS,Cheyenne County,2600
KS,Clark County,1963
KS,Clay County,8025
KS,Cloud County,8642
KS,Coffey County,8158
KS,Comanche County,1690
KS,Cowley County,34628
KS,Crawford County,38730
KS,Decatur County,2776
KS,Dickinson County,18266
KS,Doniphan County,7496
KS,Douglas County,122530
KS,Edwards County,2750
KS,Elk County,2507
KS,Ellis County,28671
KS,Ellsworth County,6034
KS,Finney County,35917
KS,Ford County,33094
KS,Franklin County,25703
KS,Geary County,32218
KS,Gove County,2621
KS,Graham County,2389
KS,Grant County,7077
KS,Gray County,5954
KS,Greeley County,1196
KS,Greenwood County,5868
KS,Hamilton County,2425
KS,Harper County,5336
KS,Harvey County,34291
KS,Haskell County,3923
KS,Hodgeman County,1779
KS,Jackson County,13171
KS,Jefferson County,19032
KS,Jewell County,2833
KS,Johnson County,607220
KS,Kearny County,3745
KS,KIA County,2456
KS,Kingman County,6974
KS,Labette County,19586
KS,Lane County,1518
KS,Leavenworth County,82246
KS,Lincoln County,2986
KS,Linn County,9654
KS,Logan County,2732
KS,Lyon County,33045
KS,Marion County,11652
KS,Marshall County,9652
KS,McPherson County,28448
KS,Meade County,4029
KS,Miami County,34334
KS,Mitchell County,5879
KS,Montgomery County,31502
KS,Morris County,5559
KS,Morton County,2538
KS,Nemaha County,10121
KS,Neosho County,15929
KS,Ness County,2768
KS,Norton County,5328
KS,Osage County,15770
KS,Osborne County,3439
KS,Ottawa County,5712
KS,Pawnee County,6366
KS,Phillips County,5181
KS,Pottawatomie County,24722
KS,Pratt County,9127
KS,Rawlins County,2511
KS,Reno County,61793
KS,Republic County,4536
KS,Rice County,9362
KS,Riley County,73202
KS,Rooks County,4827
KS,Rush County,2947
KS,Russell County,6804
KS,Saline County,53926
KS,Scott County,4790
KS,Sedgwick County,519907
KS,Seward County,21038
KS,Shawnee County,175999
KS,Sheridan County,2520
KS,Sherman County,5777
KS,Smith County,3544
KS,Stafford County,4046
KS,Stanton County,1969
KS,Stevens County,5388
KS,Sumner County,22578
KS,Thomas County,7702
KS,Trego County,2758
KS,Wabaunsee County,6906
KS,Wallace County,1536
KS,Washington County,5427
KS,Wichita County,2074
KS,Wilson County,8362
KS,Woodson County,3015
KS,Wyandotte County,165265
KY,Adair County,19555
KY,Allen County,21303
KY,Anderson County,22833
KY,Ballard County,7769
KY,Barren County,44300
KY,Bath County,12481
KY,Bell County,25482
KY,Boone County,135396
KY,Bourbon County,19901
KY,Boyd County,46516
KY,Boyle County,30367
KY,Bracken County,8286
KY,Breathitt County,12550
KY,Breckinridge County,20537
KY,Bullitt County,82182
KY,Butler County,12703
KY,Caldwell County,12687
KY,Calloway County,39300
KY,Campbell County,94020
KY,Carlisle County,4692
KY,Carroll County,10730
KY,Carter County,26542
KY,Casey County,16066
KY,Christian County,71478
KY,Clark County,36463
KY,Clay County,19631
KY,Clinton County,10110
KY,Crittenden County,8847
KY,Cumberland County,6523
KY,Daviess County,101978
KY,Edmonson County,12235
KY,Elliott County,7372
KY,Estill County,14109
KY,Fayette County,324735
KY,Fleming County,14603
KY,Floyd County,34974
KY,Franklin County,51118
KY,Fulton County,5952
KY,Gallatin County,8779
KY,Garrard County,17719
KY,Grant County,25387
KY,Graves County,36818
KY,Grayson County,26480
KY,Green County,10995
KY,Greenup County,34865
KY,Hancock County,8742
KY,Hardin County,111309
KY,Harlan County,25566
KY,Harrison County,18920
KY,Hart County,19013
KY,Henderson County,44740
KY,Henry County,16067
KY,Hickman County,4364
KY,Hopkins County,44662
KY,Jackson County,13340
KY,Jefferson County,767452
KY,Jessamine County,54057
KY,Johnson County,22002
KY,Kenton County,167949
KY,Knott County,14512
KY,Knox County,31022
KY,Larue County,14431
KY,Laurel County,61238
KY,Lawrence County,15436
KY,Lee County,7268
KY,Leslie County,9637
KY,Letcher County,21213
KY,Lewis County,13262
KY,Lincoln County,24466
KY,Livingston County,9041
KY,Logan County,27416
KY,Lyon County,8133
KY,Madison County,94265
KY,Magoffin County,12017
KY,Marion County,19314
KY,Marshall County,31163
KY,Martin County,11031
KY,Mason County,17035
KY,McCracken County,65644
KY,McCreary County,17071
KY,McLean County,9075
KY,Meade County,28616
KY,Menifee County,6502
KY,Mercer County,21889
KY,Metcalfe County,10058
KY,Monroe County,10549
KY,Montgomery County,28186
KY,Morgan County,13142
KY,Muhlenberg County,30457
KY,Nelson County,46450
KY,Nicholas County,7234
KY,Ohio County,23899
KY,Oldham County,66999
KY,Owen County,11017
KY,Owsley County,4331
KY,Pendleton County,14586
KY,Perry County,25456
KY,Pike County,57057
KY,Powell County,12218
KY,Pulaski County,65530
KY,Robertson County,2136
KY,Rockcastle County,16750
KY,Rowan County,24682
KY,Russell County,17998
KY,Scott County,58470
KY,Shelby County,49611
KY,Simpson County,18635
KY,Spencer County,19585
KY,Taylor County,25707
KY,Todd County,12448
KY,Trigg County,14776
KY,Trimble County,8481
KY,Union County,14443
KY,WA County,12147
KY,Warren County,134510
KY,Wayne County,20209
KY,Webster County,12923
KY,Whitley County,36451
KY,Wolfe County,7106
KY,Woodford County,26765
LA,Acadia Parish,61918
LA,Allen Parish,25440
LA,Ascension Parish,128665
LA,Assumption Parish,21621
LA,Avoyelles Parish,39966
LA,Beauregard Parish,37881
LA,Bienville Parish,12983
LA,Bossier Parish,127275
LA,Caddo Parish,237479
LA,Calcasieu Parish,203310
LA,Caldwell Parish,9839
LA,Cameron Parish,7003
LA,Catahoula Parish,9226
LA,Claiborne Parish,15508
LA,Concordia Parish,18914
LA,De Soto Parish,27650
LA,East Baton Rouge Parish,439729
LA,East Carroll Parish,6589
LA,East Feliciana Parish,18882
LA,Evangeline Parish,33276
LA,Franklin Parish,19723
LA,Grant Parish,22254
LA,Iberia Parish,68991
LA,Iberville Parish,32070
LA,Jackson Parish,15574
LA,Jefferson Davis Parish,31208
LA,Jefferson Parish,432346
LA,Lafayette Parish,246518
LA,Lafourche Parish,97596
LA,LaSalle Parish,15021
LA,Lincoln Parish,46552
LA,Livingston Parish,143737
LA,Madison Parish,10635
LA,Morehouse Parish,24227
LA,Natchitoches Parish,37655
LA,Orleans Parish,389476
LA,Ouachita Parish,152439
LA,Plaquemines Parish,23113
LA,Pointe Coupee Parish,21529
LA,Rapides Parish,128567
LA,Red River Parish,8286
LA,Richland Parish,20014
LA,Sabine Parish,23803
LA,St. Bernard Parish,47647
LA,St. Charles Parish,52987
LA,St. Helena Parish,10081
LA,St. James Parish,20727
LA,St. John the Baptist Parish,42516
LA,St. Landry Parish,81440
LA,St. Martin Parish,52954
LA,St. Mary Parish,48330
LA,St. Tammany Parish,263446
LA,Tangipahoa Parish,136765
LA,Tensas Parish,4178
LA,Terrebonne Parish,109859
LA,Union Parish,22170
LA,Vermilion Parish,59378
LA,Vernon Parish,47894
LA,Washington Parish,45773
LA,Webster Parish,37943
LA,West Baton Rouge Parish,26792
LA,West Carroll Parish,10646
LA,West Feliciana Parish,15465
LA,Winn Parish,13839
MA,Barnstable County,213164
MA,Berkshire County,124571
MA,Bristol County,566765
MA,Dukes County,17461
MA,Essex County,791263
MA,Franklin County,70267
MA,Hampden County,463986
MA,Hampshire County,161401
MA,Middlesex County,1609379
MA,Nantucket County,11376
MA,Norfolk County,709409
MA,Plymouth County,523738
MA,Suffolk County,801582
MA,Worcester County,829212
MD,Allegany County,70057
MD,Anne Arundel County,582777
MD,Baltimore city,586131
MD,Baltimore County,826017
MD,Calvert County,93072
MD,Caroline County,33492
MD,Carroll County,169092
MD,Cecil County,103419
MD,Charles County,164436
MD,Dorchester County,31853
MD,Frederick County,265161
MD,Garrett County,28852
MD,Harford County,256805
MD,Howard County,328200
MD,Kent County,19192
MD,Montgomery County,1051816
MD,Prince George's County,909612
MD,Queen Anne's County,51167
MD,Somerset County,25453
MD,St. Mary's County,114687
MD,Talbot County,36972
MD,WA County,151146
MD,Wicomico County,103990
MD,Worcester County,52403
ME,Androscoggin County,108547
ME,Aroostook County,66804
ME,Cumberland County,298111
ME,Franklin County,29986
ME,Hancock County,55088
ME,Kennebec County,122955
ME,Knox County,39951
ME,Lincoln County,34775
ME,Oxford County,58132
ME,Penobscot County,151655
ME,Piscataquis County,16996
ME,Sagadahoc County,36044
ME,Somerset County,50635
ME,Waldo County,39923
ME,Washington County,31473
ME,York County,209066
MI,Alcona County,10505
MI,Alger County,9015
MI,Allegan County,118927
MI,Alpena County,28238
MI,Antrim County,23449
MI,Arenac County,14953
MI,Baraga County,8164
MI,Barry County,62061
MI,Bay County,102387
MI,Benzie County,17852
MI,Berrien County,153025
MI,Branch County,43424
MI,Calhoun County,133580
MI,Cass County,51584
MI,Charlevoix County,26105
MI,Cheboygan County,25365
MI,Chippewa County,36958
MI,Clare County,30771
MI,Clinton County,79753
MI,Crawford County,13981
MI,Delta County,35612
MI,Dickinson County,25112
MI,Eaton County,110148
MI,Emmet County,33342
MI,Genesee County,404794
MI,Gladwin County,25424
MI,Gogebic County,13842
MI,Grand Traverse County,93592
MI,Gratiot County,40283
MI,Hillsdale County,45658
MI,Houghton County,35126
MI,Huron County,30653
MI,Ingham County,290609
MI,Ionia County,64553
MI,Iosco County,25140
MI,Iron County,11066
MI,Isabella County,69504
MI,Jackson County,156920
MI,Kalamazoo County,265988
MI,Kalkaska County,18003
MI,Kent County,658708
MI,Keweenaw County,2119
MI,Lake County,11587
MI,Lapeer County,87635
MI,Leelanau County,21743
MI,Lenawee County,97808
MI,Livingston County,192335
MI,Luce County,6126
MI,Mackinac County,10839
MI,Macomb County,870791
MI,Manistee County,24738
MI,Marquette County,65834
MI,Mason County,29164
MI,Mecosta County,43907
MI,Menominee County,22608
MI,Midland County,83441
MI,Missaukee County,15152
MI,Monroe County,150568
MI,Montcalm County,63476
MI,Montmorency County,9337
MI,Muskegon County,173883
MI,Newaygo County,49348
MI,Oakland County,1253459
MI,Oceana County,26819
MI,Ogemaw County,20923
MI,Ontonagon County,5656
MI,Osceola County,23466
MI,Oscoda County,8368
MI,Otsego County,24765
MI,Ottawa County,294635
MI,Presque Isle County,12665
MI,Roscommon County,23986
MI,Saginaw County,189868
MI,Sanilac County,40747
MI,Schoolcraft County,8104
MI,Shiawassee County,67738
MI,St. Clair County,159293
MI,St. Joseph County,60848
MI,Tuscola County,52289
MI,Van Buren County,75474
MI,Washtenaw County,366473
MI,Wayne County,1740623
MI,Wexford County,33743
MN,Aitkin County,15848
MN,Anoka County,359921
MN,Becker County,34456
MN,Beltrami County,47442
MN,Benton County,40958
MN,Big Stone County,4923
MN,Blue Earth County,68241
MN,Brown County,24846
MN,Carlton County,35769
MN,Carver County,106565
MN,Cass County,29928
MN,Chippewa County,11758
MN,Chisago County,56794
MN,Clay County,64690
MN,Clearwater County,9017
MN,Cook County,5417
MN,Cottonwood County,11242
MN,Crow Wing County,65644
MN,Dakota County,431807
MN,Dodge County,20987
MN,Douglas County,38328
MN,Faribault County,13601
MN,Fillmore County,21135
MN,Freeborn County,30364
MN,Goodhue County,46318
MN,Grant County,6026
MN,Hennepin County,1268408
MN,Houston County,18632
MN,Hubbard County,21783
MN,Isanti County,41429
MN,Itasca County,45268
MN,Jackson County,9768
MN,Kanabec County,16416
MN,Kandiyohi County,43130
MN,Kittson County,4214
MN,Koochiching County,12059
MN,Lac qui Parle County,6527
MN,Lake County,10639
MN,Lake of the Woods County,3754
MN,Le Sueur County,28741
MN,Lincoln County,5568
MN,Lyon County,25271
MN,Mahnomen County,5473
MN,Marshall County,9321
MN,Martin County,19484
MN,McLeod County,35710
MN,Meeker County,23341
MN,Mille Lacs County,26146
MN,Morrison County,33187
MN,Mower County,40150
MN,Murray County,8155
MN,Nicollet County,34482
MN,Nobles County,21400
MN,Norman County,6338
MN,Olmsted County,159298
MN,Otter Tail County,58741
MN,Pennington County,13874
MN,Pine County,29359
MN,Pipestone County,9121
MN,Polk County,30900
MN,Pope County,11277
MN,Ramsey County,547903
MN,Red Lake County,4046
MN,Redwood County,15079
MN,Renville County,14403
MN,Rice County,67084
MN,Rock County,9301
MN,Roseau County,15117
MN,Scott County,150689
MN,Sherburne County,98811
MN,Sibley County,14715
MN,St. Louis County,198538
MN,Stearns County,162038
MN,Steele County,36596
MN,Stevens County,9765
MN,Swift County,9176
MN,Todd County,24732
MN,Traverse County,3218
MN,Wabasha County,21642
MN,Wadena County,13807
MN,Waseca County,18550
MN,Washington County,265476
MN,Watonwan County,10792
MN,Wilkin County,6161
MN,Winona County,50485
MN,Wright County,140249
MN,Yellow Medicine County,9580
MO,Adair County,25399
MO,Andrew County,17586
MO,Atchison County,5096
MO,Audrain County,24835
MO,Barry County,35818
MO,Barton County,11592
MO,Bates County,16242
MO,Benton County,19627
MO,Bollinger County,12111
MO,Boone County,182991
MO,Buchanan County,86530
MO,Butler County,42178
MO,Caldwell County,9051
MO,Callaway County,44887
MO,Camden County,46414
MO,Cape Girardeau County,79512
MO,Carroll County,8554
MO,Carter County,5991
MO,Cass County,106806
MO,Cedar County,14322
MO,Chariton County,7360
MO,Christian County,90655
MO,Clark County,6830
MO,Clay County,253463
MO,Clinton County,20553
MO,Cole County,76191
MO,Cooper County,17102
MO,Crawford County,23739
MO,Dade County,7568
MO,Dallas County,17219
MO,Daviess County,8283
MO,DeKalb County,10944
MO,Dent County,15481
MO,Douglas County,13344
MO,Dunklin County,28878
MO,Franklin County,104469
MO,Gasconade County,14566
MO,Gentry County,6484
MO,Greene County,294997
MO,Grundy County,9595
MO,Harrison County,8321
MO,Henry County,22076
MO,Hickory County,9586
MO,Holt County,4232
MO,Howard County,10001
MO,Howell County,40262
MO,Iron County,10098
MO,Jackson County,705925
MO,Jasper County,121648
MO,Jefferson County,226543
MO,Johnson County,54219
MO,Knox County,3940
MO,Laclede County,35895
MO,Lafayette County,33006
MO,Lawrence County,38175
MO,Lewis County,9810
MO,Lincoln County,60119
MO,Linn County,11830
MO,Livingston County,14413
MO,Macon County,15095
MO,Madison County,12113
MO,Maries County,8795
MO,Marion County,28423
MO,McDonald County,22900
MO,Mercer County,3558
MO,Miller County,25791
MO,Mississippi County,12691
MO,Moniteau County,15585
MO,Monroe County,8672
MO,Montgomery County,11294
MO,Morgan County,20716
MO,New Madrid County,16693
MO,Newton County,58451
MO,Nodaway County,21743
MO,Oregon County,10411
MO,Osage County,13535
MO,Ozark County,9083
MO,Pemiscot County,15600
MO,Perry County,19194
MO,Pettis County,42490
MO,Phelps County,44414
MO,Pike County,17552
MO,Platte County,106532
MO,Polk County,32490
MO,Pulaski County,52709
MO,Putnam County,4688
MO,Ralls County,10299
MO,Randolph County,24409
MO,Ray County,22915
MO,Reynolds County,6198
MO,Ripley County,13300
MO,Saline County,22858
MO,Schuyler County,4534
MO,Scotland County,4871
MO,Scott County,38288
MO,Shannon County,8203
MO,Shelby County,5919
MO,St. Charles County,406204
MO,St. Clair County,9689
MO,St. Francois County,66485
MO,St. Louis city,297645
MO,St. Louis County,994020
MO,Ste. Genevieve County,17924
MO,Stoddard County,29001
MO,Stone County,32465
MO,Sullivan County,6033
MO,Taney County,56104
MO,Texas County,25112
MO,Vernon County,20388
MO,WA County,24604
MO,Warren County,36594
MO,Wayne County,12769
MO,Webster County,39859
MO,Worth County,1953
MO,Wright County,18325
MS,Adams County,30275
MS,Alcorn County,36889
MS,Amite County,12205
MS,Attala County,18004
MS,Benton County,8351
MS,Bolivar County,30142
MS,Calhoun County,14241
MS,Carroll County,9732
MS,Chickasaw County,16951
MS,Choctaw County,8063
MS,Claiborne County,8911
MS,Clarke County,15299
MS,Clay County,19352
MS,Coahoma County,21564
MS,Copiah County,27933
MS,Covington County,18518
MS,DeSoto County,188275
MS,Forrest County,75009
MS,Franklin County,7657
MS,George County,24425
MS,Greene County,13477
MS,Grenada County,20610
MS,Hancock County,48000
MS,Harrison County,208801
MS,Hinds County,227966
MS,Holmes County,16726
MS,Humphreys County,7827
MS,Issaquena County,1220
MS,Itawamba County,23261
MS,Jackson County,143802
MS,Jasper County,16332
MS,Jefferson County,6997
MS,Jefferson Davis County,10890
MS,Jones County,67993
MS,Kemper County,9521
MS,Lafayette County,54408
MS,Lamar County,64165
MS,Lauderdale County,73751
MS,Lawrence County,12480
MS,Leake County,22741
MS,Lee County,85466
MS,Leflore County,27854
MS,Lincoln County,33936
MS,Lowndes County,58309
MS,Madison County,106871
MS,Marion County,24441
MS,Marshall County,35301
MS,Monroe County,35123
MS,Montgomery County,9661
MS,Neshoba County,28996
MS,Newton County,20866
MS,Noxubee County,10236
MS,Oktibbeha County,49789
MS,Panola County,33848
MS,Pearl River County,55876
MS,Perry County,11862
MS,Pike County,38997
MS,Pontotoc County,32461
MS,Prentiss County,25013
MS,Quitman County,6760
MS,Rankin County,155975
MS,Scott County,28061
MS,Sharkey County,4160
MS,Simpson County,26629
MS,Smith County,15779
MS,Stone County,18360
MS,Sunflower County,24740
MS,Tallahatchie County,13707
MS,Tate County,28539
MS,Tippah County,21748
MS,Tishomingo County,19275
MS,Tunica County,9392
MS,Union County,28866
MS,Walthall County,14294
MS,Warren County,44841
MS,Washington County,42837
MS,Wayne County,20317
MS,Webster County,9676
MS,Wilkinson County,8351
MS,Winston County,17845
MS,Yalobusha County,11982
MS,Yazoo County,26982
MT,Beaverhead County,9483
MT,Big Horn County,13063
MT,Blaine County,6568
MT,Broadwater County,6444
MT,Carbon County,10921
MT,Carter County,1235
MT,Cascade County,81346
MT,Chouteau County,5699
MT,Custer County,11292
MT,Daniels County,1638
MT,Dawson County,8555
MT,Deer Lodge County,9204
MT,Fallon County,2826
MT,Fergus County,11104
MT,Flathead County,105851
MT,Gallatin County,116806
MT,Garfield County,1268
MT,Glacier County,13594
MT,Golden Valley County,827
MT,Granite County,3317
MT,Hill County,16358
MT,Jefferson County,12360
MT,Judith Basin County,1994
MT,Lake County,30986
MT,Lewis and Clark County,70229
MT,Liberty County,2369
MT,Lincoln County,20343
MT,Madison County,8959
MT,McCone County,1648
MT,Meagher County,1831
MT,Mineral County,4544
MT,Missoula County,121630
MT,Musselshell County,4669
MT,Park County,16760
MT,Petroleum County,500
MT,Phillips County,3919
MT,Pondera County,5782
MT,Powder River County,1681
MT,Powell County,6817
MT,Prairie County,1067
MT,Ravalli County,45002
MT,Richland County,11043
MT,Roosevelt County,10964
MT,Rosebud County,8836
MT,Sanders County,12157
MT,Sheridan County,3261
MT,Silver Bow County,35180
MT,Stillwater County,9888
MT,Sweet Grass County,3684
MT,Teton County,6249
MT,Toole County,4686
MT,Treasure County,695
MT,Valley County,7359
MT,Wheatland County,2157
MT,Wibaux County,939
MT,Yellowstone County,162990
NC,Alamance County,171346
NC,Alexander County,37441
NC,Alleghany County,11194
NC,Anson County,24097
NC,Ashe County,27166
NC,Avery County,17571
NC,Beaufort County,47073
NC,Bertie County,18712
NC,Bladen County,32911
NC,Brunswick County,149039
NC,Buncombe County,263477
NC,Burke County,90418
NC,Cabarrus County,221479
NC,Caldwell County,82100
NC,Camden County,10984
NC,Carteret County,69558
NC,Caswell County,22443
NC,Catawba County,160307
NC,Chatham County,75748
NC,Cherokee County,29073
NC,Chowan County,13815
NC,Clay County,11505
NC,Cleveland County,99035
NC,Columbus County,54754
NC,Craven County,101233
NC,Cumberland County,336364
NC,Currituck County,29052
NC,Dare County,37547
NC,Davidson County,169234
NC,Davie County,43286
NC,Duplin County,58794
NC,Durham County,327306
NC,Edgecombe County,50829
NC,Forsyth County,383843
NC,Franklin County,71859
NC,Gaston County,226568
NC,Gates County,11464
NC,Graham County,8474
NC,Granville County,60486
NC,Greene County,20928
NC,Guilford County,540521
NC,Halifax County,49479
NC,Harnett County,137058
NC,Haywood County,62972
NC,Henderson County,118445
NC,Hertford County,23108
NC,Hoke County,55830
NC,Hyde County,4843
NC,Iredell County,185770
NC,Jackson County,44033
NC,Johnston County,216246
NC,Jones County,9250
NC,Lee County,62353
NC,Lenoir County,55720
NC,Lincoln County,88097
NC,Macon County,35994
NC,Madison County,21740
NC,Martin County,22178
NC,McDowell County,45782
NC,Mecklenburg County,1128945
NC,Mitchell County,14881
NC,Montgomery County,27238
NC,Moore County,103352
NC,Nash County,94859
NC,New Hanover County,236613
NC,Northampton County,19088
NC,Onslow County,203943
NC,Orange County,149077
NC,Pamlico County,12715
NC,Pasquotank County,40372
NC,Pender County,64671
NC,Perquimans County,13667
NC,Person County,39925
NC,Pitt County,182924
NC,Polk County,21030
NC,Randolph County,144557
NC,Richmond County,44332
NC,Robeson County,129999
NC,Rockingham County,91285
NC,Rowan County,142495
NC,Rutherford County,67076
NC,Sampson County,63382
NC,Scotland County,34637
NC,Stanly County,63239
NC,Stokes County,45743
NC,Surry County,71683
NC,Swain County,14179
NC,Transylvania County,34498
NC,Tyrrell County,3774
NC,Union County,244562
NC,Vance County,44718
NC,Wake County,1132271
NC,Warren County,19522
NC,Washington County,11485
NC,Watauga County,56441
NC,Wayne County,123967
NC,Wilkes County,68043
NC,Wilson County,81979
NC,Yadkin County,37625
NC,Yancey County,18099
ND,Adams County,2188
ND,Barnes County,10402
ND,Benson County,6762
ND,Billings County,890
ND,Bottineau County,6287
ND,Bowman County,2986
ND,Burke County,2118
ND,Burleigh County,96212
ND,Cass County,183904
ND,Cavalier County,3713
ND,Dickey County,4705
ND,Divide County,2277
ND,Dunn County,4465
ND,Eddy County,2179
ND,Emmons County,3187
ND,Foster County,3165
ND,Golden Valley County,1737
ND,Grand Forks County,69481
ND,Grant County,2215
ND,Griggs County,2207
ND,Hettinger County,2438
ND,Kidder County,2458
ND,LaMoure County,4033
ND,Logan County,1880
ND,McHenry County,5695
ND,McIntosh County,2440
ND,McKenzie County,15242
ND,McLean County,9416
ND,Mercer County,8174
ND,Morton County,31503
ND,Mountrail County,10502
ND,Nelson County,2789
ND,Oliver County,1926
ND,Pembina County,6658
ND,Pierce County,3928
ND,Ramsey County,11388
ND,Ransom County,5173
ND,Renville County,2283
ND,Richland County,16156
ND,Rolette County,14165
ND,Sargent County,3913
ND,Sheridan County,1275
ND,Sioux County,4173
ND,Slope County,747
ND,Stark County,32107
ND,Steele County,1890
ND,Stutsman County,20498
ND,Towner County,2108
ND,Traill County,7959
ND,Walsh County,10437
ND,Ward County,68466
ND,Wells County,3709
ND,Williams County,38700
NE,Adams County,31321
NE,Antelope County,6264
NE,Arthur County,466
NE,Banner County,786
NE,Blaine County,457
NE,Boone County,5096
NE,Box Butte County,10696
NE,Boyd County,1860
NE,Brown County,2981
NE,Buffalo County,50114
NE,Burt County,6477
NE,Butler County,7960
NE,Cass County,26232
NE,Cedar County,8414
NE,Chase County,3840
NE,Cherry County,5781
NE,Cheyenne County,9111
NE,Clay County,6216
NE,Colfax County,10587
NE,Cuming County,8798
NE,Custer County,10626
NE,Dakota County,20070
NE,Dawes County,8361
NE,Dawson County,23510
NE,Deuel County,1793
NE,Dixon County,5596
NE,Dodge County,36222
NE,Douglas County,574332
NE,Dundy County,1671
NE,Fillmore County,5519
NE,Franklin County,2940
NE,Frontier County,2587
NE,Furnas County,4653
NE,Gage County,21431
NE,Garden County,1847
NE,Garfield County,1956
NE,Gosper County,1986
NE,Grant County,630
NE,Greeley County,2319
NE,Hall County,61028
NE,Hamilton County,9237
NE,Harlan County,3311
NE,Hayes County,916
NE,Hitchcock County,2773
NE,Holt County,9956
NE,Hooker County,647
NE,Howard County,6488
NE,Jefferson County,7099
NE,Johnson County,5057
NE,Kearney County,6652
NE,Keith County,7983
NE,Keya Paha County,759
NE,Kimball County,3495
NE,Knox County,8304
NE,Lancaster County,320650
NE,Lincoln County,34347
NE,Logan County,747
NE,Loup County,650
NE,Madison County,34813
NE,McPherson County,474
NE,Merrick County,7809
NE,Morrill County,4625
NE,Nance County,3532
NE,Nemaha County,7044
NE,Nuckolls County,4134
NE,Otoe County,15965
NE,Pawnee County,2601
NE,Perkins County,2867
NE,Phelps County,9006
NE,Pierce County,7184
NE,Platte County,33364
NE,Polk County,5201
NE,Red Willow County,10627
NE,Richardson County,7791
NE,Rock County,1377
NE,Saline County,13987
NE,Sarpy County,188856
NE,Saunders County,21927
NE,Scotts Bluff County,35299
NE,Seward County,17186
NE,Sheridan County,5150
NE,Sherman County,2986
NE,Sioux County,1200
NE,Stanton County,5880
NE,Thayer County,4887
NE,Thomas County,739
NE,Thurston County,7220
NE,Valley County,4103
NE,WA County,20901
NE,Wayne County,9492
NE,Webster County,3419
NE,Wheeler County,790
NE,York County,13511
NH,Belknap County,61551
NH,Carroll County,49167
NH,Cheshire County,76228
NH,Coos County,31174
NH,Grafton County,90691
NH,Hillsborough County,418735
NH,Merrimack County,152622
NH,Rockingham County,311307
NH,Strafford County,131533
NH,Sullivan County,43267
NJ,Atlantic County,262945
NJ,Bergen County,930394
NJ,Burlington County,446596
NJ,Camden County,506809
NJ,Cape May County,91546
NJ,Cumberland County,147008
NJ,Essex County,800501
NJ,Gloucester County,293245
NJ,Hudson County,671666
NJ,Hunterdon County,124797
NJ,Mercer County,367239
NJ,Middlesex County,822736
NJ,Monmouth County,618381
NJ,Morris County,491087
NJ,Ocean County,614237
NJ,Passaic County,500382
NJ,Salem County,62451
NJ,Somerset County,329331
NJ,Sussex County,140002
NJ,Union County,555394
NJ,Warren County,105624
NM,Bernalillo County,681666
NM,Catron County,3623
NM,Chaves County,64711
NM,Cibola County,26354
NM,Colfax County,11927
NM,Curry County,48793
NM,De Baca County,1673
NM,Doña Ana County,221262
NM,Eddy County,58418
NM,Grant County,27007
NM,Guadalupe County,4275
NM,Harding County,638
NM,Hidalgo County,4106
NM,Lea County,71830
NM,Lincoln County,19939
NM,Los Alamos County,19462
NM,Luna County,23905
NM,McKinley County,70824
NM,Mora County,4478
NM,Otero County,67967
NM,Quay County,8197
NM,Rio Arriba County,38521
NM,Roosevelt County,18350
NM,San Juan County,123312
NM,San Miguel County,27144
NM,Sandoval County,148904
NM,Santa Fe County,151946
NM,Sierra County,10867
NM,Socorro County,16541
NM,Taos County,32593
NM,Torrance County,15486
NM,Union County,4026
NM,Valencia County,77574
NV,Carson City,56034
NV,Churchill County,25363
NV,Clark County,2315963
NV,Douglas County,49088
NV,Elko County,53006
NV,Esmeralda County,886
NV,Eureka County,2065
NV,Humboldt County,16962
NV,Lander County,5514
NV,Lincoln County,5159
NV,Lyon County,58319
NV,Mineral County,4518
NV,Nye County,48054
NV,Pershing County,6573
NV,Storey County,4207
NV,Washoe County,477082
NV,White Pine County,9466
NY,Albany County,303654
NY,Allegany County,45587
NY,Bronx County,1401142
NY,Broome County,189420
NY,Cattaraugus County,75863
NY,Cayuga County,76029
NY,Chautauqua County,126032
NY,Chemung County,82622
NY,Chenango County,46730
NY,Clinton County,79778
NY,Columbia County,59534
NY,Cortland County,47173
NY,Delaware County,43938
NY,Dutchess County,293293
NY,Erie County,917241
NY,Essex County,36891
NY,Franklin County,49965
NY,Fulton County,52812
NY,Genesee County,56994
NY,Greene County,47177
NY,Hamilton County,4345
NY,Herkimer County,60945
NY,Jefferson County,108095
NY,Kings County,2538934
NY,Lewis County,26187
NY,Livingston County,62398
NY,Madison County,70478
NY,Monroe County,740900
NY,Montgomery County,49170
NY,Nassau County,1351334
NY,New York County,1611989
NY,Niagara County,208396
NY,Oneida County,227346
NY,Onondaga County,459214
NY,Ontario County,110091
NY,Orange County,385234
NY,Orleans County,39978
NY,Oswego County,116346
NY,Otsego County,58701
NY,Putnam County,98532
NY,Queens County,2225821
NY,Rensselaer County,158108
NY,Richmond County,475327
NY,Rockland County,326225
NY,Saratoga County,230298
NY,Schenectady County,155358
NY,Schoharie County,31132
NY,Schuyler County,17685
NY,Seneca County,33991
NY,St. Lawrence County,107185
NY,Steuben County,94657
NY,Suffolk County,1474273
NY,Sullivan County,75802
NY,Tioga County,47904
NY,Tompkins County,101058
NY,Ulster County,177716
NY,WA County,60606
NY,Warren County,63756
NY,Wayne County,89339
NY,Westchester County,965802
NY,WY County,39465
NY,Yates County,24780
OH,Adams County,27531
OH,Allen County,101980
OH,Ashland County,53362
OH,Ashtabula County,96513
OH,Athens County,65481
OH,Auglaize County,45680
OH,Belmont County,65932
OH,Brown County,43414
OH,Butler County,385648
OH,Carroll County,26897
OH,Champaign County,38960
OH,Clark County,133593
OH,Clermont County,207449
OH,Clinton County,41921
OH,Columbiana County,101118
OH,Coshocton County,36449
OH,Crawford County,41338
OH,Cuyahoga County,1227883
OH,Darke County,51205
OH,Defiance County,37778
OH,Delaware County,213554
OH,Erie County,73719
OH,Fairfield County,159709
OH,Fayette County,28579
OH,Franklin County,1324624
OH,Fulton County,41889
OH,Gallia County,29802
OH,Geauga County,93271
OH,Greene County,170122
OH,Guernsey County,38779
OH,Hamilton County,817985
OH,Hancock County,75407
OH,Hardin County,31469
OH,Harrison County,15014
OH,Henry County,26904
OH,Highland County,43304
OH,Hocking County,28095
OH,Holmes County,44004
OH,Huron County,57979
OH,Jackson County,32493
OH,Jefferson County,64939
OH,Knox County,62423
OH,Lake County,229569
OH,Lawrence County,59091
OH,Licking County,178100
OH,Logan County,45326
OH,Lorain County,312172
OH,Lucas County,428294
OH,Madison County,44559
OH,Mahoning County,226075
OH,Marion County,64820
OH,Medina County,180912
OH,Meigs County,22678
OH,Mercer County,41274
OH,Miami County,107516
OH,Monroe County,13586
OH,Montgomery County,531610
OH,Morgan County,14305
OH,Morrow County,35411
OH,Muskingum County,86020
OH,Noble County,14364
OH,Ottawa County,40253
OH,Paulding County,18648
OH,Perry County,36215
OH,Pickaway County,58658
OH,Pike County,27695
OH,Portage County,162583
OH,Preble County,40836
OH,Putnam County,33654
OH,Richland County,120891
OH,Ross County,76420
OH,Sandusky County,58351
OH,Scioto County,74347
OH,Seneca County,54938
OH,Shelby County,48337
OH,Stark County,369772
OH,Summit County,538866
OH,Trumbull County,196800
OH,Tuscarawas County,91776
OH,Union County,60021
OH,Van Wert County,28159
OH,Vinton County,12972
OH,Warren County,238412
OH,Washington County,59652
OH,Wayne County,115694
OH,Williams County,36565
OH,Wood County,131113
OH,Wyandot County,21711
OK,Adair County,21955
OK,Alfalfa County,5718
OK,Atoka County,13912
OK,Beaver County,5207
OK,Beckham County,21468
OK,Blaine County,9447
OK,Bryan County,48998
OK,Caddo County,28684
OK,Canadian County,153192
OK,Carter County,48353
OK,Cherokee County,49019
OK,Choctaw County,14646
OK,Cimarron County,2145
OK,Cleveland County,287066
OK,Coal County,5587
OK,Comanche County,121099
OK,Cotton County,5676
OK,Craig County,14194
OK,Creek County,71485
OK,Custer County,28648
OK,Delaware County,43136
OK,Dewey County,4815
OK,Ellis County,3830
OK,Garfield County,60869
OK,Garvin County,27691
OK,Grady County,55906
OK,Grant County,4372
OK,Greer County,5704
OK,Harmon County,2557
OK,Harper County,3611
OK,Haskell County,12652
OK,Hughes County,13126
OK,Jackson County,24305
OK,Jefferson County,5949
OK,Johnston County,10824
OK,Kay County,43274
OK,Kingfisher County,15806
OK,Kiowa County,8741
OK,Latimer County,10132
OK,Le Flore County,49935
OK,Lincoln County,35045
OK,Logan County,48777
OK,Love County,10230
OK,Major County,7579
OK,Marshall County,17114
OK,Mayes County,41152
OK,McClain County,41348
OK,McCurtain County,32772
OK,McIntosh County,19635
OK,Murray County,13955
OK,Muskogee County,67610
OK,Noble County,11113
OK,Nowata County,10076
OK,Okfuskee County,11765
OK,Oklahoma County,804041
OK,Okmulgee County,38234
OK,Osage County,46642
OK,Ottawa County,30879
OK,Pawnee County,16381
OK,Payne County,81755
OK,Pittsburg County,43679
OK,Pontotoc County,38397
OK,Pottawatomie County,72998
OK,Pushmataha County,10970
OK,Roger Mills County,3570
OK,Rogers County,93155
OK,Seminole County,24248
OK,Sequoyah County,41538
OK,Stephens County,43100
OK,Texas County,19997
OK,Tillman County,7229
OK,Tulsa County,657589
OK,Wagoner County,82925
OK,Washington County,52222
OK,Washita County,10830
OK,Woods County,8687
OK,Woodward County,19812
OR,Baker County,16284
OR,Benton County,93239
OR,Clackamas County,421596
OR,Clatsop County,40423
OR,Columbia County,52876
OR,Coos County,64711
OR,Crook County,25105
OR,Curry County,23305
OR,Deschutes County,201769
OR,Douglas County,111364
OR,Gilliam County,1975
OR,Grant County,7180
OR,Harney County,7373
OR,Hood River County,23280
OR,Jackson County,221844
OR,Jefferson County,24856
OR,Josephine County,88053
OR,Klamath County,68739
OR,Lake County,7949
OR,Lane County,382986
OR,Lincoln County,50583
OR,Linn County,131054
OR,Malheur County,30983
OR,Marion County,349204
OR,Morrow County,11700
OR,Multnomah County,815637
OR,Polk County,87744
OR,Sherman County,1801
OR,Tillamook County,27442
OR,Umatilla County,77752
OR,Union County,26551
OR,WA County,603514
OR,Wallowa County,7181
OR,Wasco County,26403
OR,Wheeler County,1387
OR,Yamhill County,107664
PA,Adams County,102742
PA,Allegheny County,1211358
PA,Armstrong County,64162
PA,Beaver County,162575
PA,Bedford County,47817
PA,Berks County,421017
PA,Blair County,121007
PA,Bradford County,60221
PA,Bucks County,627987
PA,Butler County,189135
PA,Cambria County,128672
PA,Cameron County,4330
PA,Carbon County,64081
PA,Centre County,161496
PA,Chester County,526759
PA,Clarion County,38305
PA,Clearfield County,78612
PA,Clinton County,37957
PA,Columbia County,64842
PA,Crawford County,83697
PA,Cumberland County,255857
PA,Dauphin County,279874
PA,Delaware County,566753
PA,Elk County,29607
PA,Erie County,268426
PA,Fayette County,128126
PA,Forest County,6965
PA,Franklin County,155637
PA,Fulton County,14501
PA,Greene County,35621
PA,Huntingdon County,44590
PA,IN County,83664
PA,Jefferson County,43108
PA,Juniata County,24619
PA,Lackawanna County,208989
PA,Lancaster County,546192
PA,Lawrence County,85083
PA,Lebanon County,141663
PA,Lehigh County,370802
PA,Luzerne County,316982
PA,Lycoming County,113209
PA,McKean County,40333
PA,Mercer County,108545
PA,Mifflin County,46064
PA,Monroe County,170154
PA,Montgomery County,833869
PA,Montour County,18042
PA,Northampton County,305892
PA,Northumberland County,90258
PA,Perry County,46212
PA,Philadelphia County,1578487
PA,Pike County,56072
PA,Potter County,16453
PA,Schuylkill County,140709
PA,Snyder County,40317
PA,Somerset County,72916
PA,Sullivan County,5913
PA,Susquehanna County,40006
PA,Tioga County,40381
PA,Union County,44294
PA,Venango County,50328
PA,Warren County,38911
PA,Washington County,206803
PA,Wayne County,51163
PA,Westmoreland County,347087
PA,Wyoming County,26557
PA,York County,450448
RI,Bristol County,48350
RI,Kent County,164646
RI,Newport County,81836
RI,Providence County,636547
RI,Washington County,125746
SC,Abbeville County,24404
SC,Aiken County,172895
SC,Allendale County,8331
SC,Anderson County,204353
SC,Bamberg County,13906
SC,Barnwell County,20805
SC,Beaufort County,195656
SC,Berkeley County,235987
SC,Calhoun County,14554
SC,Charleston County,417981
SC,Cherokee County,57316
SC,Chester County,32232
SC,Chesterfield County,45606
SC,Clarendon County,33415
SC,Colleton County,37481
SC,Darlington County,66509
SC,Dillon County,30367
SC,Dorchester County,165737
SC,Edgefield County,27120
SC,Fairfield County,22059
SC,Florence County,137588
SC,Georgetown County,63353
SC,Greenville County,532486
SC,Greenwood County,71074
SC,Hampton County,18053
SC,Horry County,365449
SC,Jasper County,31588
SC,Kershaw County,67472
SC,Lancaster County,100926
SC,Laurens County,67883
SC,Lee County,16701
SC,Lexington County,303946
SC,Marion County,30158
SC,Marlboro County,25581
SC,McCormick County,9430
SC,Newberry County,38445
SC,Oconee County,80015
SC,Orangeburg County,85343
SC,Pickens County,127983
SC,Richland County,419051
SC,Saluda County,20315
SC,Spartanburg County,326205
SC,Sumter County,106360
SC,Union County,26991
SC,Williamsburg County,29825
SC,York County,289105
SD,Aurora County,2730
SD,Beadle County,18513
SD,Bennett County,3399
SD,Bon Homme County,6848
SD,Brookings County,35603
SD,Brown County,38738
SD,Brule County,5254
SD,Buffalo County,1956
SD,Butte County,10538
SD,Campbell County,1380
SD,Charles Mix County,9262
SD,Clark County,3802
SD,Clay County,14246
SD,Codington County,28186
SD,Corson County,4031
SD,Custer County,9017
SD,Davison County,19812
SD,Day County,5345
SD,Deuel County,4346
SD,Dewey County,5789
SD,Douglas County,2906
SD,Edmunds County,3817
SD,Fall River County,6708
SD,Faulk County,2306
SD,Grant County,7000
SD,Gregory County,4219
SD,Haakon County,1861
SD,Hamlin County,6234
SD,Hand County,3127
SD,Hanson County,3489
SD,Harding County,1311
SD,Hughes County,17336
SD,Hutchinson County,7282
SD,Hyde County,1281
SD,Jackson County,3321
SD,Jerauld County,1985
SD,Jones County,938
SD,Kingsbury County,4987
SD,Lake County,12488
SD,Lawrence County,26221
SD,Lincoln County,63019
SD,Lyman County,3797
SD,Marshall County,4884
SD,McCook County,5520
SD,McPherson County,2363
SD,Meade County,28588
SD,Mellette County,2089
SD,Miner County,2202
SD,Minnehaha County,196659
SD,Moody County,6525
SD,Oglala Lakota County,14070
SD,Pennington County,115926
SD,Perkins County,2832
SD,Potter County,2163
SD,Roberts County,10331
SD,Sanborn County,2322
SD,Spink County,6319
SD,Stanley County,3121
SD,Sully County,1391
SD,Todd County,10313
SD,Tripp County,5377
SD,Turner County,8368
SD,Union County,16192
SD,Walworth County,5336
SD,Yankton County,22742
SD,Ziebach County,2656
TN,Anderson County,77558
TN,Bedford County,50179
TN,Benton County,16131
TN,Bledsoe County,15223
TN,Blount County,134751
TN,Bradley County,109071
TN,Campbell County,39837
TN,Cannon County,14847
TN,Carroll County,27779
TN,Carter County,56418
TN,Cheatham County,41101
TN,Chester County,17432
TN,Claiborne County,32023
TN,Clay County,7629
TN,Cocke County,36225
TN,Coffee County,57632
TN,Crockett County,14180
TN,Cumberland County,61603
TN,Davidson County,694176
TN,Decatur County,11601
TN,DeKalb County,20837
TN,Dickson County,54376
TN,Dyer County,36693
TN,Fayette County,41620
TN,Fentress County,18787
TN,Franklin County,42485
TN,Gibson County,49159
TN,Giles County,29530
TN,Grainger County,23565
TN,Greene County,69571
TN,Grundy County,13485
TN,Hamblen County,65110
TN,Hamilton County,371662
TN,Hancock County,6493
TN,Hardeman County,24836
TN,Hardin County,25583
TN,Hawkins County,56775
TN,Haywood County,17002
TN,Henderson County,28076
TN,Henry County,32056
TN,Hickman County,25387
TN,Houston County,8292
TN,Humphreys County,18590
TN,Jackson County,11864
TN,Jefferson County,55307
TN,Johnson County,17849
TN,Knox County,475609
TN,Lake County,6988
TN,Lauderdale County,25451
TN,Lawrence County,44432
TN,Lewis County,12363
TN,Lincoln County,34540
TN,Loudon County,54910
TN,Macon County,24827
TN,Madison County,98360
TN,Marion County,28924
TN,Marshall County,35016
TN,Maury County,99590
TN,McMinn County,54208
TN,McNairy County,25696
TN,Meigs County,12532
TN,Monroe County,47177
TN,Montgomery County,214251
TN,Moore County,6438
TN,Morgan County,21431
TN,Obion County,30131
TN,Overton County,22566
TN,Perry County,8099
TN,Pickett County,5061
TN,Polk County,16835
TN,Putnam County,80929
TN,Rhea County,33443
TN,Roane County,53841
TN,Robertson County,72275
TN,Rutherford County,339261
TN,Scott County,22090
TN,Sequatchie County,15176
TN,Sevier County,99244
TN,Shelby County,936017
TN,Smith County,20285
TN,Stewart County,13859
TN,Sullivan County,158755
TN,Sumner County,195561
TN,Tipton County,61918
TN,Trousdale County,11455
TN,Unicoi County,17755
TN,Union County,20187
TN,Van Buren County,5947
TN,Warren County,41605
TN,Washington County,130367
TN,Wayne County,16524
TN,Weakley County,33334
TN,White County,27707
TN,Williamson County,245348
TN,Wilson County,148130
TX,Anderson County,57805
TX,Andrews County,18879
TX,Angelina County,86796
TX,Aransas County,23814
TX,Archer County,8730
TX,Armstrong County,1869
TX,Atascosa County,51724
TX,Austin County,29972
TX,Bailey County,6697
TX,Bandera County,23861
TX,Bastrop County,91601
TX,Baylor County,3518
TX,Bee County,32513
TX,Bell County,369927
TX,Bexar County,2026823
TX,Blanco County,12269
TX,Borden County,706
TX,Bosque County,18603
TX,Bowie County,93481
TX,Brazoria County,380518
TX,Brazos County,232555
TX,Brewster County,9237
TX,Briscoe County,1487
TX,Brooks County,6964
TX,Brown County,37633
TX,Burleson County,18514
TX,Burnet County,49653
TX,Caldwell County,43979
TX,Calhoun County,21001
TX,Callahan County,14110
TX,Cameron County,424180
TX,Camp County,13060
TX,Carson County,5854
TX,Cass County,29879
TX,Castro County,7396
TX,Chambers County,45590
TX,Cherokee County,52875
TX,Childress County,7143
TX,Clay County,10550
TX,CO County,21610
TX,Cochran County,2897
TX,Coke County,3323
TX,Coleman County,8100
TX,Collin County,1072069
TX,Collingsworth County,2877
TX,Comal County,164812
TX,Comanche County,13750
TX,Concho County,2827
TX,Cooke County,41393
TX,Coryell County,76737
TX,Cottle County,1363
TX,Crane County,4765
TX,Crockett County,3513
TX,Crosby County,5567
TX,Culberson County,2149
TX,Dallam County,7273
TX,Dallas County,2635888
TX,Dawson County,12974
TX,Deaf Smith County,18277
TX,Delta County,5349
TX,Denton County,919324
TX,DeWitt County,20174
TX,Dickens County,2140
TX,Dimmit County,9925
TX,Donley County,3308
TX,Duval County,11058
TX,Eastland County,18388
TX,Ector County,167701
TX,Edwards County,1923
TX,El Paso County,841286
TX,Ellis County,191760
TX,Erath County,43224
TX,Falls County,17275
TX,Fannin County,35913
TX,Fayette County,25547
TX,Fisher County,3784
TX,Floyd County,5672
TX,Foard County,1135
TX,Fort Bend County,839706
TX,Franklin County,10821
TX,Freestone County,19874
TX,Frio County,20379
TX,Gaines County,21996
TX,Galveston County,345089
TX,Garza County,6222
TX,Gillespie County,26960
TX,Glasscock County,1439
TX,Goliad County,7626
TX,Gonzales County,20948
TX,Gray County,21658
TX,Grayson County,138318
TX,Gregg County,124229
TX,Grimes County,29614
TX,Guadalupe County,170608
TX,Hale County,32754
TX,Hall County,2939
TX,Hamilton County,8557
TX,Hansford County,5279
TX,Hardeman County,4011
TX,Hardin County,58305
TX,Harris County,4738253
TX,Harrison County,66386
TX,Hartley County,5443
TX,Haskell County,5754
TX,Hays County,241365
TX,Hemphill County,3777
TX,Henderson County,83792
TX,Hidalgo County,875200
TX,Hill County,37006
TX,Hockley County,22921
TX,Hood County,63527
TX,Hopkins County,37170
TX,Houston County,22835
TX,Howard County,36540
TX,Hudspeth County,4906
TX,Hunt County,99807
TX,Hutchinson County,20677
TX,Irion County,1564
TX,Jack County,9056
TX,Jackson County,14854
TX,Jasper County,35375
TX,Jeff Davis County,2220
TX,Jefferson County,250127
TX,Jim Hogg County,5184
TX,Jim Wells County,40452
TX,Johnson County,179575
TX,Jones County,19875
TX,Karnes County,15562
TX,Kaufman County,143198
TX,Kendall County,48523
TX,Kenedy County,379
TX,Kent County,786
TX,Kerr County,52869
TX,Kimble County,4396
TX,King County,283
TX,Kinney County,3670
TX,Kleberg County,30338
TX,Knox County,3683
TX,La Salle County,7500
TX,Lamar County,49905
TX,Lamb County,12710
TX,Lampasas County,21789
TX,Lavaca County,20216
TX,Lee County,17397
TX,Leon County,17493
TX,Liberty County,91547
TX,Limestone County,23340
TX,Lipscomb County,3111
TX,Live Oak County,12324
TX,Llano County,21958
TX,Loving County,181
TX,Lubbock County,314772
TX,Lynn County,6025
TX,Madison County,14427
TX,Marion County,9960
TX,Martin County,5816
TX,Mason County,4344
TX,Matagorda County,36725
TX,Maverick County,58378
TX,McCulloch County,7823
TX,McLennan County,259730
TX,McMullen County,721
TX,Medina County,52358
TX,Menard County,2124
TX,Midland County,177863
TX,Milam County,24708
TX,Mills County,4840
TX,Mitchell County,8202
TX,Montague County,19962
TX,Montgomery County,626351
TX,Moore County,20654
TX,Morris County,12393
TX,Motley County,1185
TX,Nacogdoches County,64753
TX,Navarro County,50694
TX,Newton County,13414
TX,Nolan County,14835
TX,Nueces County,363148
TX,Ochiltree County,9598
TX,Oldham County,2135
TX,Orange County,82878
TX,Palo Pinto County,29320
TX,Panola County,23187
TX,Parker County,148198
TX,Parmer County,9522
TX,Pecos County,15718
TX,Polk County,52995
TX,Potter County,116004
TX,Presidio County,6508
TX,Rains County,12552
TX,Randall County,139899
TX,Reagan County,3833
TX,Real County,3411
TX,Red River County,11995
TX,Reeves County,15949
TX,Refugio County,6877
TX,Roberts County,813
TX,Robertson County,17155
TX,Rockwall County,109888
TX,Runnels County,10401
TX,Rusk County,54324
TX,Sabine County,10507
TX,San Augustine County,8248
TX,San Jacinto County,29301
TX,San Patricio County,67069
TX,San Saba County,6039
TX,Schleicher County,2761
TX,Scurry County,16662
TX,Shackelford County,3300
TX,Shelby County,24915
TX,Sherman County,3027
TX,Smith County,235806
TX,Somervell County,9139
TX,Starr County,64266
TX,Stephens County,9334
TX,Sterling County,1315
TX,Stonewall County,1348
TX,Sutton County,3738
TX,Swisher County,7340
TX,Tarrant County,2123347
TX,Taylor County,139200
TX,Terrell County,702
TX,Terry County,12183
TX,Throckmorton County,1487
TX,Titus County,32926
TX,Tom Green County,120010
TX,Travis County,1300503
TX,Trinity County,14883
TX,Tyler County,21591
TX,Upshur County,42166
TX,Upton County,3623
TX,Uvalde County,26742
TX,Val Verde County,49028
TX,Van Zandt County,57533
TX,Victoria County,91936
TX,Walker County,72164
TX,Waller County,57452
TX,Ward County,12097
TX,Washington County,35771
TX,Webb County,277681
TX,Wharton County,41685
TX,Wheeler County,4946
TX,Wichita County,133205
TX,Wilbarger County,12552
TX,Willacy County,21161
TX,Williamson County,617855
TX,Wilson County,52023
TX,Winkler County,7887
TX,Wise County,71084
TX,Wood County,46291
TX,Yoakum County,8702
TX,Young County,17904
TX,Zapata County,14172
TX,Zavala County,11840
UT,Beaver County,6761
UT,Box Elder County,57007
UT,Cache County,130004
UT,Carbon County,20760
UT,Daggett County,1026
UT,Davis County,359232
UT,Duchesne County,19894
UT,Emery County,10147
UT,Garfield County,5050
UT,Grand County,9796
UT,Iron County,56814
UT,Juab County,12122
UT,Kane County,7914
UT,Millard County,13327
UT,Morgan County,12462
UT,Piute County,1473
UT,Rich County,2452
UT,Salt Lake County,1165517
UT,San Juan County,15278
UT,Sanpete County,31393
UT,Sevier County,21780
UT,Summit County,42499
UT,Tooele County,74512
UT,Uintah County,35970
UT,Utah County,651059
UT,Wasatch County,35300
UT,Washington County,184913
UT,Wayne County,2759
UT,Weber County,262658
VA,Accomack County,32238
VA,Albemarle County,110652
VA,Alexandria city,158726
VA,Alleghany County,14701
VA,Amelia County,13014
VA,Amherst County,31667
VA,Appomattox County,16043
VA,Arlington County,240119
VA,Augusta County,76544
VA,Bath County,4119
VA,Bedford County,79811
VA,Bland County,6239
VA,Botetourt County,33633
VA,Bristol city,17329
VA,Brunswick County,16037
VA,Buchanan County,20613
VA,Buckingham County,17168
VA,Buena Vista city,6402
VA,Campbell County,55304
VA,Caroline County,30860
VA,Carroll County,30074
VA,Charles City County,6821
VA,Charlotte County,11820
VA,Charlottesville city,46950
VA,Chesapeake city,247011
VA,Chesterfield County,358245
VA,Clarke County,14622
VA,Colonial Heights city,17205
VA,Covington city,5639
VA,Craig County,5077
VA,Culpeper County,53569
VA,Cumberland County,9933
VA,Danville city,39869
VA,Dickenson County,14078
VA,Dinwiddie County,28688
VA,Emporia city,5257
VA,Essex County,10943
VA,Fairfax city,23429
VA,Fairfax County,1150847
VA,Falls Church city,14631
VA,Fauquier County,71361
VA,Floyd County,15777
VA,Fluvanna County,27422
VA,Franklin city,7833
VA,Franklin County,56167
VA,Frederick County,91119
VA,Fredericksburg city,29492
VA,Galax city,6296
VA,Giles County,16663
VA,Gloucester County,37459
VA,Goochland County,24431
VA,Grayson County,15493
VA,Greene County,20131
VA,Greensville County,11280
VA,Halifax County,33633
VA,Hampton city,135464
VA,Hanover County,108262
VA,Harrisonburg city,53204
VA,Henrico County,333766
VA,Henry County,50309
VA,Highland County,2200
VA,Hopewell city,22375
VA,Isle of Wight County,37725
VA,James City County,77612
VA,King and Queen County,6942
VA,King George County,27381
VA,King William County,17641
VA,Lancaster County,10618
VA,Lee County,23238
VA,Lexington city,7279
VA,Loudoun County,422784
VA,Louisa County,38132
VA,Lunenburg County,12267
VA,Lynchburg city,81561
VA,Madison County,13312
VA,Manassas city,40869
VA,Manassas Park city,18004
VA,Martinsville city,12355
VA,Mathews County,8766
VA,Mecklenburg County,30679
VA,Middlesex County,10569
VA,Montgomery County,98391
VA,Nelson County,14755
VA,New Kent County,23648
VA,Newport News city,179062
VA,Norfolk city,242803
VA,Northampton County,11673
VA,Northumberland County,12069
VA,Norton city,3985
VA,Nottoway County,15160
VA,Orange County,37695
VA,Page County,23933
VA,Patrick County,17493
VA,Petersburg city,30446
VA,Pittsylvania County,59850
VA,Poquoson city,12257
VA,Portsmouth city,95094
VA,Powhatan County,30148
VA,Prince Edward County,23006
VA,Prince George County,38686
VA,Prince William County,475533
VA,Pulaski County,33935
VA,Radford city,18255
VA,Rappahannock County,7260
VA,Richmond city,232226
VA,Richmond County,9071
VA,Roanoke city,99058
VA,Roanoke County,94509
VA,Rockbridge County,22757
VA,Rockingham County,82346
VA,Russell County,26647
VA,Salem city,25340
VA,Scott County,21629
VA,Shenandoah County,43905
VA,Smyth County,30090
VA,Southampton County,17636
VA,Spotsylvania County,138449
VA,Stafford County,156748
VA,Staunton city,25190
VA,Suffolk city,93913
VA,Surry County,6385
VA,Sussex County,10925
VA,Tazewell County,40529
VA,Virginia Beach city,451231
VA,Warren County,40475
VA,Washington County,53695
VA,Waynesboro city,22741
VA,Westmoreland County,18149
VA,Williamsburg city,15259
VA,Winchester city,27700
VA,Wise County,37206
VA,Wythe County,28620
VA,York County,69199
VT,Addison County,36851
VT,Bennington County,35338
VT,Caledonia County,29705
VT,Chittenden County,164306
VT,Essex County,6123
VT,Franklin County,49685
VT,Grand Isle County,7169
VT,Lamoille County,25341
VT,Orange County,28837
VT,Orleans County,26897
VT,Rutland County,57764
VT,Washington County,58328
VT,Windham County,42015
VT,Windsor County,54988
WA,Adams County,20027
WA,Asotin County,22820
WA,Benton County,206426
WA,Chelan County,77574
WA,Clallam County,78067
WA,Clark County,496865
WA,Columbia County,4048
WA,Cowlitz County,111371
WA,Douglas County,43560
WA,Ferry County,7759
WA,Franklin County,97075
WA,Garfield County,2290
WA,Grant County,99377
WA,Grays Harbor County,75950
WA,Island County,86014
WA,Jefferson County,32700
WA,King County,2274315
WA,Kitsap County,272787
WA,Kittitas County,49204
WA,Klickitat County,22697
WA,Lewis County,82109
WA,Lincoln County,11090
WA,Mason County,68224
WA,Okanogan County,42620
WA,Pacific County,22984
WA,Pend Oreille County,14144
WA,Pierce County,913890
WA,San Juan County,17492
WA,Skagit County,130789
WA,Skamania County,12107
WA,Snohomish County,830393
WA,Spokane County,528225
WA,Stevens County,46360
WA,Thurston County,294074
WA,Wahkiakum County,4498
WA,Walla Walla County,61292
WA,Whatcom County,231016
WA,Whitman County,49500
WA,Yakima County,251879
WI,Adams County,20498
WI,Ashland County,15415
WI,Barron County,45090
WI,Bayfield County,15242
WI,Brown County,264610
WI,Buffalo County,13033
WI,Burnett County,15557
WI,Calumet County,50209
WI,Chippewa County,64737
WI,Clark County,34720
WI,Columbia County,57668
WI,Crawford County,16021
WI,Dane County,552536
WI,Dodge County,87336
WI,Door County,27889
WI,Douglas County,43702
WI,Dunn County,45452
WI,Eau Claire County,105260
WI,Florence County,4298
WI,Fond du Lac County,102902
WI,Forest County,8960
WI,Grant County,51021
WI,Green County,36603
WI,Green Lake County,18908
WI,Iowa County,23640
WI,Iron County,5698
WI,Jackson County,20630
WI,Jefferson County,85038
WI,Juneau County,26908
WI,Kenosha County,169671
WI,Kewaunee County,20386
WI,La Crosse County,118502
WI,Lafayette County,16646
WI,Langlade County,19119
WI,Lincoln County,27566
WI,Manitowoc County,78757
WI,Marathon County,135593
WI,Marinette County,40262
WI,Marquette County,15585
WI,Menominee County,4546
WI,Milwaukee County,945016
WI,Monroe County,46582
WI,Oconto County,38383
WI,Oneida County,35751
WI,Outagamie County,188766
WI,Ozaukee County,90043
WI,Pepin County,7271
WI,Pierce County,42700
WI,Polk County,43794
WI,Portage County,71032
WI,Price County,13245
WI,Racine County,195802
WI,Richland County,17258
WI,Rock County,163084
WI,Rusk County,14022
WI,Sauk County,64449
WI,Sawyer County,16700
WI,Shawano County,40786
WI,Sheboygan County,115240
WI,St. Croix County,91838
WI,Taylor County,20318
WI,Trempealeau County,29681
WI,Vernon County,30861
WI,Vilas County,22356
WI,Walworth County,103953
WI,Washburn County,15712
WI,Washington County,136445
WI,Waukesha County,406172
WI,Waupaca County,50664
WI,Waushara County,24326
WI,Winnebago County,171631
WI,Wood County,72560
WV,Barbour County,16444
WV,Berkeley County,122125
WV,Boone County,21055
WV,Braxton County,13702
WV,Brooke County,21674
WV,Cabell County,91589
WV,Calhoun County,6945
WV,Clay County,8341
WV,Doddridge County,8368
WV,Fayette County,42062
WV,Gilmer County,7811
WV,Grant County,11510
WV,Greenbrier County,34319
WV,Hampshire County,23190
WV,Hancock County,28571
WV,Hardy County,13633
WV,Harrison County,66870
WV,Jackson County,28453
WV,Jefferson County,57486
WV,Kanawha County,176253
WV,Lewis County,15805
WV,Lincoln County,20043
WV,Logan County,31688
WV,Marion County,55962
WV,Marshall County,30103
WV,Mason County,26335
WV,McDowell County,16916
WV,Mercer County,58258
WV,Mineral County,26722
WV,Mingo County,22951
WV,Monongalia County,106819
WV,Monroe County,13229
WV,Morgan County,17873
WV,Nicholas County,24340
WV,Ohio County,41182
WV,Pendleton County,6932
WV,Pleasants County,7438
WV,Pocahontas County,8190
WV,Preston County,33380
WV,Putnam County,56428
WV,Raleigh County,72920
WV,Randolph County,28387
WV,Ritchie County,9499
WV,Roane County,13482
WV,Summers County,12444
WV,Taylor County,16699
WV,Tucker County,6816
WV,Tyler County,8533
WV,Upshur County,24230
WV,Wayne County,39054
WV,Webster County,8058
WV,Wetzel County,14904
WV,Wirt County,5705
WV,Wood County,82938
WV,WY County,20123
WY,Albany County,38950
WY,Big Horn County,11575
WY,Campbell County,46676
WY,Carbon County,14711
WY,Converse County,13804
WY,Crook County,7593
WY,Fremont County,39317
WY,Goshen County,13235
WY,Hot Springs County,4425
WY,Johnson County,8588
WY,Laramie County,100595
WY,Lincoln County,20253
WY,Natrona County,80815
WY,Niobrara County,2275
WY,Park County,29331
WY,Platte County,8578
WY,Sheridan County,30863
WY,Sublette County,9856
WY,Sweetwater County,42673
WY,Teton County,23497
WY,Uinta County,20215
WY,Washakie County,7760
WY,Weston County,6743
